changepoint_prior_scale,seasonality_prior_scale,holidays_prior_scale,changepoint_range,seasonality_mode,yearly_seasonality,rmse,mape,mae,num_cutoffs
0.01,0.01,5.0,0.85,additive,True,274.89282837812823,0.08074546711640718,236.02148091931778,20
0.01,0.01,1.0,0.85,additive,True,274.89282837812823,0.08074546711640718,236.02148091931778,20
0.01,0.01,0.1,0.85,additive,True,274.89282837812823,0.08074546711640718,236.02148091931778,20
0.01,0.01,10.0,0.85,additive,True,274.89282837812823,0.08074546711640718,236.02148091931778,20
0.01,0.01,0.01,0.85,additive,True,274.89282837812823,0.08074546711640718,236.02148091931778,20
0.01,0.01,0.01,0.95,additive,True,275.0284187026427,0.0807646876557986,236.04357943817757,20
0.01,0.01,1.0,0.95,additive,True,275.0284187026427,0.0807646876557986,236.04357943817757,20
0.01,0.01,0.1,0.95,additive,True,275.0284187026427,0.0807646876557986,236.04357943817757,20
0.01,0.01,10.0,0.95,additive,True,275.0284187026427,0.0807646876557986,236.04357943817757,20
0.01,0.01,5.0,0.95,additive,True,275.0284187026427,0.0807646876557986,236.04357943817757,20
0.01,0.01,10.0,0.8,additive,True,275.13626440705093,0.0807932017612673,236.17715011478924,20
0.01,0.01,0.01,0.8,additive,True,275.13626440705093,0.0807932017612673,236.17715011478924,20
0.01,0.01,1.0,0.8,additive,True,275.13626440705093,0.0807932017612673,236.17715011478924,20
0.01,0.01,5.0,0.8,additive,True,275.13626440705093,0.0807932017612673,236.17715011478924,20
0.01,0.01,0.1,0.8,additive,True,275.13626440705093,0.0807932017612673,236.17715011478924,20
0.01,0.01,0.01,0.9,additive,True,275.23216994393965,0.08082708258068137,236.2457507243623,20
0.01,0.01,10.0,0.9,additive,True,275.23216994393965,0.08082708258068137,236.2457507243623,20
0.01,0.01,5.0,0.9,additive,True,275.23216994393965,0.08082708258068137,236.2457507243623,20
0.01,0.01,0.1,0.9,additive,True,275.23216994393965,0.08082708258068137,236.2457507243623,20
0.01,0.01,1.0,0.9,additive,True,275.23216994393965,0.08082708258068137,236.2457507243623,20
0.001,0.01,0.01,0.9,additive,True,275.3626205555707,0.08083221828352333,236.08370654999524,20
0.001,0.01,0.1,0.9,additive,True,275.3626205555707,0.08083221828352333,236.08370654999524,20
0.001,0.01,5.0,0.9,additive,True,275.3626205555707,0.08083221828352333,236.08370654999524,20
0.001,0.01,1.0,0.9,additive,True,275.3626205555707,0.08083221828352333,236.08370654999524,20
0.001,0.01,10.0,0.9,additive,True,275.3626205555707,0.08083221828352333,236.08370654999524,20
0.001,0.01,0.01,0.8,additive,True,275.54069951903574,0.08086310500174736,236.1880728177279,20
0.001,0.01,0.1,0.8,additive,True,275.54069951903574,0.08086310500174736,236.1880728177279,20
0.001,0.01,5.0,0.8,additive,True,275.54069951903574,0.08086310500174736,236.1880728177279,20
0.001,0.01,10.0,0.8,additive,True,275.54069951903574,0.08086310500174736,236.1880728177279,20
0.001,0.01,1.0,0.8,additive,True,275.54069951903574,0.08086310500174736,236.1880728177279,20
0.001,0.01,5.0,0.95,additive,True,275.6800111980211,0.0809187865716717,236.33731458380237,20
0.001,0.01,1.0,0.95,additive,True,275.6800111980211,0.0809187865716717,236.33731458380237,20
0.001,0.01,10.0,0.95,additive,True,275.6800111980211,0.0809187865716717,236.33731458380237,20
0.001,0.01,0.1,0.95,additive,True,275.6800111980211,0.0809187865716717,236.33731458380237,20
0.001,0.01,0.01,0.95,additive,True,275.6800111980211,0.0809187865716717,236.33731458380237,20
0.001,0.01,0.1,0.85,additive,True,275.85257270321495,0.08093456013772153,236.4246048305136,20
0.001,0.01,10.0,0.85,additive,True,275.85257270321495,0.08093456013772153,236.4246048305136,20
0.001,0.01,0.01,0.85,additive,True,275.85257270321495,0.08093456013772153,236.4246048305136,20
0.001,0.01,1.0,0.85,additive,True,275.85257270321495,0.08093456013772153,236.4246048305136,20
0.001,0.01,5.0,0.85,additive,True,275.85257270321495,0.08093456013772153,236.4246048305136,20
0.001,0.1,0.1,0.8,additive,True,277.27722387813867,0.08150132103186243,238.17493488132752,20
0.001,0.1,1.0,0.8,additive,True,277.27722387813867,0.08150132103186243,238.17493488132752,20
0.001,0.1,10.0,0.8,additive,True,277.27722387813867,0.08150132103186243,238.17493488132752,20
0.001,0.1,5.0,0.8,additive,True,277.27722387813867,0.08150132103186243,238.17493488132752,20
0.001,0.1,0.01,0.8,additive,True,277.27722387813867,0.08150132103186243,238.17493488132752,20
0.01,0.1,0.01,0.9,additive,True,276.77521345657215,0.08157968828604342,238.34955261244684,20
0.01,0.1,5.0,0.9,additive,True,276.77521345657215,0.08157968828604342,238.34955261244684,20
0.01,0.1,0.1,0.9,additive,True,276.77521345657215,0.08157968828604342,238.34955261244684,20
0.01,0.1,10.0,0.9,additive,True,276.77521345657215,0.08157968828604342,238.34955261244684,20
0.01,0.1,1.0,0.9,additive,True,276.77521345657215,0.08157968828604342,238.34955261244684,20
0.01,0.1,0.1,0.95,additive,True,276.76643110347095,0.08158101241716202,238.37121288467605,20
0.01,0.1,10.0,0.95,additive,True,276.76643110347095,0.08158101241716202,238.37121288467605,20
0.01,0.1,1.0,0.95,additive,True,276.76643110347095,0.08158101241716202,238.37121288467605,20
0.01,0.1,5.0,0.95,additive,True,276.76643110347095,0.08158101241716202,238.37121288467605,20
0.01,0.1,0.01,0.95,additive,True,276.76643110347095,0.08158101241716202,238.37121288467605,20
0.01,0.1,1.0,0.8,additive,True,276.8495540056763,0.08159641963382347,238.41685222709057,20
0.01,0.1,0.1,0.8,additive,True,276.8495540056763,0.08159641963382347,238.41685222709057,20
0.01,0.1,0.01,0.8,additive,True,276.8495540056763,0.08159641963382347,238.41685222709057,20
0.01,0.1,10.0,0.8,additive,True,276.8495540056763,0.08159641963382347,238.41685222709057,20
0.01,0.1,5.0,0.8,additive,True,276.8495540056763,0.08159641963382347,238.41685222709057,20
0.001,0.1,1.0,0.9,additive,True,277.4913720908405,0.08159852642087811,238.39884240445042,20
0.001,0.1,5.0,0.9,additive,True,277.4913720908405,0.08159852642087811,238.39884240445042,20
0.001,0.1,0.1,0.9,additive,True,277.4913720908405,0.08159852642087811,238.39884240445042,20
0.001,0.1,0.01,0.9,additive,True,277.4913720908405,0.08159852642087811,238.39884240445042,20
0.001,0.1,10.0,0.9,additive,True,277.4913720908405,0.08159852642087811,238.39884240445042,20
0.01,0.1,5.0,0.85,additive,True,276.86562178071523,0.08159947428572192,238.42738270336477,20
0.01,0.1,10.0,0.85,additive,True,276.86562178071523,0.08159947428572192,238.42738270336477,20
0.01,0.1,0.1,0.85,additive,True,276.86562178071523,0.08159947428572192,238.42738270336477,20
0.01,0.1,0.01,0.85,additive,True,276.86562178071523,0.08159947428572192,238.42738270336477,20
0.01,0.1,1.0,0.85,additive,True,276.86562178071523,0.08159947428572192,238.42738270336477,20
0.001,0.1,0.01,0.85,additive,True,277.58192634616756,0.08163233570057958,238.49060405484985,20
0.001,0.1,1.0,0.85,additive,True,277.58192634616756,0.08163233570057958,238.49060405484985,20
0.001,0.1,5.0,0.85,additive,True,277.58192634616756,0.08163233570057958,238.49060405484985,20
0.001,0.1,10.0,0.85,additive,True,277.58192634616756,0.08163233570057958,238.49060405484985,20
0.001,0.1,0.1,0.85,additive,True,277.58192634616756,0.08163233570057958,238.49060405484985,20
0.001,1.0,0.01,0.9,additive,True,277.81618484748816,0.08172307340666904,238.80260405443002,20
0.001,1.0,5.0,0.9,additive,True,277.81618484748816,0.08172307340666904,238.80260405443002,20
0.001,1.0,10.0,0.9,additive,True,277.81618484748816,0.08172307340666904,238.80260405443002,20
0.001,1.0,1.0,0.9,additive,True,277.81618484748816,0.08172307340666904,238.80260405443002,20
0.001,1.0,0.1,0.9,additive,True,277.81618484748816,0.08172307340666904,238.80260405443002,20
0.001,1.0,0.1,0.85,additive,True,277.9822515195453,0.08178384044313783,238.99407820534947,20
0.001,1.0,1.0,0.85,additive,True,277.9822515195453,0.08178384044313783,238.99407820534947,20
0.001,1.0,10.0,0.85,additive,True,277.9822515195453,0.08178384044313783,238.99407820534947,20
0.001,1.0,0.01,0.85,additive,True,277.9822515195453,0.08178384044313783,238.99407820534947,20
0.001,1.0,5.0,0.85,additive,True,277.9822515195453,0.08178384044313783,238.99407820534947,20
0.001,1.0,10.0,0.8,additive,True,278.01888679876225,0.08181225789149901,239.04912637163886,20
0.001,1.0,0.01,0.8,additive,True,278.01888679876225,0.08181225789149901,239.04912637163886,20
0.001,1.0,5.0,0.8,additive,True,278.01888679876225,0.08181225789149901,239.04912637163886,20
0.001,1.0,1.0,0.8,additive,True,278.01888679876225,0.08181225789149901,239.04912637163886,20
0.001,1.0,0.1,0.8,additive,True,278.01888679876225,0.08181225789149901,239.04912637163886,20
0.001,0.1,1.0,0.95,additive,True,278.4274954626099,0.08182937439923357,239.11976086818186,20
0.001,0.1,10.0,0.95,additive,True,278.4274954626099,0.08182937439923357,239.11976086818186,20
0.001,0.1,0.1,0.95,additive,True,278.4274954626099,0.08182937439923357,239.11976086818186,20
0.001,0.1,0.01,0.95,additive,True,278.4274954626099,0.08182937439923357,239.11976086818186,20
0.001,0.1,5.0,0.95,additive,True,278.4274954626099,0.08182937439923357,239.11976086818186,20
0.001,1.0,5.0,0.95,additive,True,278.1872228956699,0.08183985231521529,239.1930574279628,20
0.001,1.0,0.01,0.95,additive,True,278.1872228956699,0.08183985231521529,239.1930574279628,20
0.001,1.0,0.1,0.95,additive,True,278.1872228956699,0.08183985231521529,239.1930574279628,20
0.001,1.0,1.0,0.95,additive,True,278.1872228956699,0.08183985231521529,239.1930574279628,20
0.001,1.0,10.0,0.95,additive,True,278.1872228956699,0.08183985231521529,239.1930574279628,20
0.001,5.0,0.1,0.8,additive,True,281.6621344177186,0.0827577402909747,242.264008066203,20
0.001,5.0,1.0,0.8,additive,True,281.6621344177186,0.0827577402909747,242.264008066203,20
0.001,5.0,5.0,0.8,additive,True,281.6621344177186,0.0827577402909747,242.264008066203,20
0.001,5.0,0.01,0.8,additive,True,281.6621344177186,0.0827577402909747,242.264008066203,20
0.001,5.0,10.0,0.8,additive,True,281.6621344177186,0.0827577402909747,242.264008066203,20
0.001,10.0,1.0,0.95,additive,True,281.66676660256854,0.08278365484054366,242.21474287431042,20
0.001,10.0,10.0,0.95,additive,True,281.66676660256854,0.08278365484054366,242.21474287431042,20
0.001,10.0,5.0,0.95,additive,True,281.66676660256854,0.08278365484054366,242.21474287431042,20
0.001,10.0,0.1,0.95,additive,True,281.66676660256854,0.08278365484054366,242.21474287431042,20
0.001,10.0,0.01,0.95,additive,True,281.66676660256854,0.08278365484054366,242.21474287431042,20
0.001,5.0,0.01,0.85,additive,True,281.8192595492597,0.08283790562604017,242.49747927139475,20
0.001,5.0,1.0,0.85,additive,True,281.8192595492597,0.08283790562604017,242.49747927139475,20
0.001,5.0,5.0,0.85,additive,True,281.8192595492597,0.08283790562604017,242.49747927139475,20
0.001,5.0,0.1,0.85,additive,True,281.8192595492597,0.08283790562604017,242.49747927139475,20
0.001,5.0,10.0,0.85,additive,True,281.8192595492597,0.08283790562604017,242.49747927139475,20
0.01,10.0,0.1,0.85,additive,True,281.5897911761785,0.08284978316997259,242.34613957496023,20
0.01,10.0,10.0,0.85,additive,True,281.5897911761785,0.08284978316997259,242.34613957496023,20
0.01,10.0,5.0,0.85,additive,True,281.5897911761785,0.08284978316997259,242.34613957496023,20
0.01,10.0,1.0,0.85,additive,True,281.5897911761785,0.08284978316997259,242.34613957496023,20
0.01,10.0,0.01,0.85,additive,True,281.5897911761785,0.08284978316997259,242.34613957496023,20
0.001,5.0,0.01,0.95,additive,True,281.91054271947127,0.0829042014003814,242.60747357673054,20
0.001,5.0,10.0,0.95,additive,True,281.91054271947127,0.0829042014003814,242.60747357673054,20
0.001,5.0,5.0,0.95,additive,True,281.91054271947127,0.0829042014003814,242.60747357673054,20
0.001,5.0,1.0,0.95,additive,True,281.91054271947127,0.0829042014003814,242.60747357673054,20
0.001,5.0,0.1,0.95,additive,True,281.91054271947127,0.0829042014003814,242.60747357673054,20
0.001,5.0,1.0,0.9,additive,True,281.98323429880963,0.08294370653040913,242.74954430405225,20
0.001,5.0,0.1,0.9,additive,True,281.98323429880963,0.08294370653040913,242.74954430405225,20
0.001,5.0,0.01,0.9,additive,True,281.98323429880963,0.08294370653040913,242.74954430405225,20
0.001,5.0,5.0,0.9,additive,True,281.98323429880963,0.08294370653040913,242.74954430405225,20
0.001,5.0,10.0,0.9,additive,True,281.98323429880963,0.08294370653040913,242.74954430405225,20
0.01,10.0,5.0,0.8,additive,True,282.2423195972402,0.08298666871136424,242.77485630249467,20
0.01,10.0,0.01,0.8,additive,True,282.2423195972402,0.08298666871136424,242.77485630249467,20
0.01,10.0,1.0,0.8,additive,True,282.2423195972402,0.08298666871136424,242.77485630249467,20
0.01,10.0,0.1,0.8,additive,True,282.2423195972402,0.08298666871136424,242.77485630249467,20
0.01,10.0,10.0,0.8,additive,True,282.2423195972402,0.08298666871136424,242.77485630249467,20
0.01,10.0,0.01,0.9,additive,True,282.162898158469,0.08299561020348187,242.80500556999291,20
0.01,10.0,10.0,0.9,additive,True,282.162898158469,0.08299561020348187,242.80500556999291,20
0.01,10.0,1.0,0.9,additive,True,282.162898158469,0.08299561020348187,242.80500556999291,20
0.01,10.0,5.0,0.9,additive,True,282.162898158469,0.08299561020348187,242.80500556999291,20
0.01,10.0,0.1,0.9,additive,True,282.162898158469,0.08299561020348187,242.80500556999291,20
0.001,10.0,5.0,0.85,additive,True,282.4013842564718,0.08300448187716224,242.8942315103779,20
0.001,10.0,0.01,0.85,additive,True,282.4013842564718,0.08300448187716224,242.8942315103779,20
0.001,10.0,0.1,0.85,additive,True,282.4013842564718,0.08300448187716224,242.8942315103779,20
0.001,10.0,10.0,0.85,additive,True,282.4013842564718,0.08300448187716224,242.8942315103779,20
0.001,10.0,1.0,0.85,additive,True,282.4013842564718,0.08300448187716224,242.8942315103779,20
0.001,10.0,5.0,0.9,additive,True,282.56406452407276,0.08304749241878759,243.04023852548235,20
0.001,10.0,1.0,0.9,additive,True,282.56406452407276,0.08304749241878759,243.04023852548235,20
0.001,10.0,0.01,0.9,additive,True,282.56406452407276,0.08304749241878759,243.04023852548235,20
0.001,10.0,0.1,0.9,additive,True,282.56406452407276,0.08304749241878759,243.04023852548235,20
0.001,10.0,10.0,0.9,additive,True,282.56406452407276,0.08304749241878759,243.04023852548235,20
0.001,10.0,10.0,0.8,additive,True,283.0993004962987,0.08318551336677049,243.48740101891306,20
0.001,10.0,1.0,0.8,additive,True,283.0993004962987,0.08318551336677049,243.48740101891306,20
0.001,10.0,5.0,0.8,additive,True,283.0993004962987,0.08318551336677049,243.48740101891306,20
0.001,10.0,0.1,0.8,additive,True,283.0993004962987,0.08318551336677049,243.48740101891306,20
0.001,10.0,0.01,0.8,additive,True,283.0993004962987,0.08318551336677049,243.48740101891306,20
0.01,1.0,0.01,0.85,additive,True,283.7092712596737,0.0835631827881591,244.14652172545527,20
0.01,1.0,1.0,0.85,additive,True,283.7092712596737,0.0835631827881591,244.14652172545527,20
0.01,1.0,0.1,0.85,additive,True,283.7092712596737,0.0835631827881591,244.14652172545527,20
0.01,1.0,5.0,0.85,additive,True,283.7092712596737,0.0835631827881591,244.14652172545527,20
0.01,1.0,10.0,0.85,additive,True,283.7092712596737,0.0835631827881591,244.14652172545527,20
0.01,1.0,1.0,0.8,additive,True,283.80803976124093,0.08358447871505974,244.20413418352663,20
0.01,1.0,10.0,0.8,additive,True,283.80803976124093,0.08358447871505974,244.20413418352663,20
0.01,1.0,5.0,0.8,additive,True,283.80803976124093,0.08358447871505974,244.20413418352663,20
0.01,1.0,0.1,0.8,additive,True,283.80803976124093,0.08358447871505974,244.20413418352663,20
0.01,1.0,0.01,0.8,additive,True,283.80803976124093,0.08358447871505974,244.20413418352663,20
0.01,5.0,0.1,0.85,additive,True,283.8263186207117,0.08359059837812648,244.25894362092728,20
0.01,5.0,5.0,0.85,additive,True,283.8263186207117,0.08359059837812648,244.25894362092728,20
0.01,5.0,10.0,0.85,additive,True,283.8263186207117,0.08359059837812648,244.25894362092728,20
0.01,5.0,1.0,0.85,additive,True,283.8263186207117,0.08359059837812648,244.25894362092728,20
0.01,5.0,0.01,0.85,additive,True,283.8263186207117,0.08359059837812648,244.25894362092728,20
0.01,1.0,10.0,0.9,additive,True,283.9509507369217,0.08361440190891616,244.31224202633715,20
0.01,1.0,0.1,0.9,additive,True,283.9509507369217,0.08361440190891616,244.31224202633715,20
0.01,1.0,0.01,0.9,additive,True,283.9509507369217,0.08361440190891616,244.31224202633715,20
0.01,1.0,5.0,0.9,additive,True,283.9509507369217,0.08361440190891616,244.31224202633715,20
0.01,1.0,1.0,0.9,additive,True,283.9509507369217,0.08361440190891616,244.31224202633715,20
0.01,5.0,10.0,0.8,additive,True,284.0899281153228,0.08365463274322775,244.44562479821516,20
0.01,5.0,1.0,0.8,additive,True,284.0899281153228,0.08365463274322775,244.44562479821516,20
0.01,5.0,5.0,0.8,additive,True,284.0899281153228,0.08365463274322775,244.44562479821516,20
0.01,5.0,0.01,0.8,additive,True,284.0899281153228,0.08365463274322775,244.44562479821516,20
0.01,5.0,0.1,0.8,additive,True,284.0899281153228,0.08365463274322775,244.44562479821516,20
0.01,5.0,0.01,0.9,additive,True,284.0871667107848,0.08366412066738657,244.46449700017553,20
0.01,5.0,1.0,0.9,additive,True,284.0871667107848,0.08366412066738657,244.46449700017553,20
0.01,5.0,10.0,0.9,additive,True,284.0871667107848,0.08366412066738657,244.46449700017553,20
0.01,5.0,0.1,0.9,additive,True,284.0871667107848,0.08366412066738657,244.46449700017553,20
0.01,5.0,5.0,0.9,additive,True,284.0871667107848,0.08366412066738657,244.46449700017553,20
0.01,1.0,10.0,0.95,additive,True,284.03779334925576,0.0836902464095255,244.51011194439337,20
0.01,1.0,5.0,0.95,additive,True,284.03779334925576,0.0836902464095255,244.51011194439337,20
0.01,1.0,0.01,0.95,additive,True,284.03779334925576,0.0836902464095255,244.51011194439337,20
0.01,1.0,0.1,0.95,additive,True,284.03779334925576,0.0836902464095255,244.51011194439337,20
0.01,1.0,1.0,0.95,additive,True,284.03779334925576,0.0836902464095255,244.51011194439337,20
0.01,10.0,0.01,0.95,additive,True,284.3083336293444,0.08372478746881863,244.59557281990516,20
0.01,10.0,0.1,0.95,additive,True,284.3083336293444,0.08372478746881863,244.59557281990516,20
0.01,10.0,1.0,0.95,additive,True,284.3083336293444,0.08372478746881863,244.59557281990516,20
0.01,10.0,5.0,0.95,additive,True,284.3083336293444,0.08372478746881863,244.59557281990516,20
0.01,10.0,10.0,0.95,additive,True,284.3083336293444,0.08372478746881863,244.59557281990516,20
0.01,5.0,0.1,0.95,additive,True,284.3552384012761,0.08374477091699137,244.68890036100353,20
0.01,5.0,0.01,0.95,additive,True,284.3552384012761,0.08374477091699137,244.68890036100353,20
0.01,5.0,1.0,0.95,additive,True,284.3552384012761,0.08374477091699137,244.68890036100353,20
0.01,5.0,10.0,0.95,additive,True,284.3552384012761,0.08374477091699137,244.68890036100353,20
0.01,5.0,5.0,0.95,additive,True,284.3552384012761,0.08374477091699137,244.68890036100353,20
0.5,0.01,0.01,0.85,additive,True,316.9644973622348,0.0855302362801058,243.40529660829588,20
0.5,0.01,1.0,0.85,additive,True,316.9644973622348,0.0855302362801058,243.40529660829588,20
0.5,0.01,5.0,0.85,additive,True,316.9644973622348,0.0855302362801058,243.40529660829588,20
0.5,0.01,10.0,0.85,additive,True,316.9644973622348,0.0855302362801058,243.40529660829588,20
0.5,0.01,0.1,0.85,additive,True,316.9644973622348,0.0855302362801058,243.40529660829588,20
0.5,0.01,5.0,0.9,additive,True,341.6031676538042,0.09089182901781903,256.5843773271116,20
0.5,0.01,0.01,0.9,additive,True,341.6031676538042,0.09089182901781903,256.5843773271116,20
0.5,0.01,1.0,0.9,additive,True,341.6031676538042,0.09089182901781903,256.5843773271116,20
0.5,0.01,0.1,0.9,additive,True,341.6031676538042,0.09089182901781903,256.5843773271116,20
0.5,0.01,10.0,0.9,additive,True,341.6031676538042,0.09089182901781903,256.5843773271116,20
0.5,0.1,0.1,0.85,additive,True,349.0799376807483,0.0927356969787232,262.19091677252914,20
0.5,0.1,5.0,0.85,additive,True,349.0799376807483,0.0927356969787232,262.19091677252914,20
0.5,0.1,0.01,0.85,additive,True,349.0799376807483,0.0927356969787232,262.19091677252914,20
0.5,0.1,10.0,0.85,additive,True,349.0799376807483,0.0927356969787232,262.19091677252914,20
0.5,0.1,1.0,0.85,additive,True,349.0799376807483,0.0927356969787232,262.19091677252914,20
0.5,0.01,10.0,0.8,additive,True,336.21802210432446,0.0943446172635498,269.3625485774107,20
0.5,0.01,1.0,0.8,additive,True,336.21802210432446,0.0943446172635498,269.3625485774107,20
0.5,0.01,0.01,0.8,additive,True,336.21802210432446,0.0943446172635498,269.3625485774107,20
0.5,0.01,0.1,0.8,additive,True,336.21802210432446,0.0943446172635498,269.3625485774107,20
0.5,0.01,5.0,0.8,additive,True,336.21802210432446,0.0943446172635498,269.3625485774107,20
0.1,0.1,5.0,0.85,additive,True,348.6136318978679,0.0965694457293297,274.99591019138614,20
0.1,0.1,10.0,0.85,additive,True,348.6136318978679,0.0965694457293297,274.99591019138614,20
0.1,0.1,0.01,0.85,additive,True,348.6136318978679,0.0965694457293297,274.99591019138614,20
0.1,0.1,1.0,0.85,additive,True,348.6136318978679,0.0965694457293297,274.99591019138614,20
0.1,0.1,0.1,0.85,additive,True,348.6136318978679,0.0965694457293297,274.99591019138614,20
0.1,0.01,0.01,0.85,additive,True,353.2210004928677,0.09737451487579803,277.61712033426465,20
0.1,0.01,0.1,0.85,additive,True,353.2210004928677,0.09737451487579803,277.61712033426465,20
0.1,0.01,10.0,0.85,additive,True,353.2210004928677,0.09737451487579803,277.61712033426465,20
0.1,0.01,1.0,0.85,additive,True,353.2210004928677,0.09737451487579803,277.61712033426465,20
0.1,0.01,5.0,0.85,additive,True,353.2210004928677,0.09737451487579803,277.61712033426465,20
0.5,1.0,0.01,0.8,additive,True,361.74586648279364,0.0976533198092397,279.4103837997312,20
0.5,1.0,10.0,0.8,additive,True,361.74586648279364,0.0976533198092397,279.4103837997312,20
0.5,1.0,5.0,0.8,additive,True,361.74586648279364,0.0976533198092397,279.4103837997312,20
0.5,1.0,1.0,0.8,additive,True,361.74586648279364,0.0976533198092397,279.4103837997312,20
0.5,1.0,0.1,0.8,additive,True,361.74586648279364,0.0976533198092397,279.4103837997312,20
0.1,0.01,0.1,0.95,additive,True,360.76086723048763,0.09770876306692698,275.5648511767707,20
0.1,0.01,1.0,0.95,additive,True,360.76086723048763,0.09770876306692698,275.5648511767707,20
0.1,0.01,0.01,0.95,additive,True,360.76086723048763,0.09770876306692698,275.5648511767707,20
0.1,0.01,5.0,0.95,additive,True,360.76086723048763,0.09770876306692698,275.5648511767707,20
0.1,0.01,10.0,0.95,additive,True,360.76086723048763,0.09770876306692698,275.5648511767707,20
0.1,10.0,0.01,0.85,additive,True,351.76454775855103,0.09797311781309076,278.80567385624653,20
0.1,10.0,0.1,0.85,additive,True,351.76454775855103,0.09797311781309076,278.80567385624653,20
0.1,10.0,1.0,0.85,additive,True,351.76454775855103,0.09797311781309076,278.80567385624653,20
0.1,10.0,10.0,0.85,additive,True,351.76454775855103,0.09797311781309076,278.80567385624653,20
0.1,10.0,5.0,0.85,additive,True,351.76454775855103,0.09797311781309076,278.80567385624653,20
0.5,0.01,1.0,0.95,additive,True,380.2300318734965,0.09853878285509424,281.7003709754526,20
0.5,0.01,10.0,0.95,additive,True,380.2300318734965,0.09853878285509424,281.7003709754526,20
0.5,0.01,5.0,0.95,additive,True,380.2300318734965,0.09853878285509424,281.7003709754526,20
0.5,0.01,0.01,0.95,additive,True,380.2300318734965,0.09853878285509424,281.7003709754526,20
0.5,0.01,0.1,0.95,additive,True,380.2300318734965,0.09853878285509424,281.7003709754526,20
0.1,0.01,1.0,0.8,additive,True,356.7663289460976,0.09855668976224043,283.2393405244416,20
0.1,0.01,10.0,0.8,additive,True,356.7663289460976,0.09855668976224043,283.2393405244416,20
0.1,0.01,5.0,0.8,additive,True,356.7663289460976,0.09855668976224043,283.2393405244416,20
0.1,0.01,0.01,0.8,additive,True,356.7663289460976,0.09855668976224043,283.2393405244416,20
0.1,0.01,0.1,0.8,additive,True,356.7663289460976,0.09855668976224043,283.2393405244416,20
0.1,0.01,1.0,0.9,additive,True,363.0577585444077,0.09883094025363494,279.124955507836,20
0.1,0.01,5.0,0.9,additive,True,363.0577585444077,0.09883094025363494,279.124955507836,20
0.1,0.01,0.01,0.9,additive,True,363.0577585444077,0.09883094025363494,279.124955507836,20
0.1,0.01,0.1,0.9,additive,True,363.0577585444077,0.09883094025363494,279.124955507836,20
0.1,0.01,10.0,0.9,additive,True,363.0577585444077,0.09883094025363494,279.124955507836,20
0.1,1.0,0.01,0.85,additive,True,358.32017138967143,0.09891725055975628,281.8413433059457,20
0.1,1.0,1.0,0.85,additive,True,358.32017138967143,0.09891725055975628,281.8413433059457,20
0.1,1.0,5.0,0.85,additive,True,358.32017138967143,0.09891725055975628,281.8413433059457,20
0.1,1.0,10.0,0.85,additive,True,358.32017138967143,0.09891725055975628,281.8413433059457,20
0.1,1.0,0.1,0.85,additive,True,358.32017138967143,0.09891725055975628,281.8413433059457,20
0.1,5.0,1.0,0.85,additive,True,352.9652271058659,0.09917903881586473,282.44701618843493,20
0.1,5.0,0.1,0.85,additive,True,352.9652271058659,0.09917903881586473,282.44701618843493,20
0.1,5.0,10.0,0.85,additive,True,352.9652271058659,0.09917903881586473,282.44701618843493,20
0.1,5.0,0.01,0.85,additive,True,352.9652271058659,0.09917903881586473,282.44701618843493,20
0.1,5.0,5.0,0.85,additive,True,352.9652271058659,0.09917903881586473,282.44701618843493,20
0.1,0.1,0.1,0.8,additive,True,355.46357187599614,0.0994468268159475,285.21816446166565,20
0.1,0.1,0.01,0.8,additive,True,355.46357187599614,0.0994468268159475,285.21816446166565,20
0.1,0.1,1.0,0.8,additive,True,355.46357187599614,0.0994468268159475,285.21816446166565,20
0.1,0.1,5.0,0.8,additive,True,355.46357187599614,0.0994468268159475,285.21816446166565,20
0.1,0.1,10.0,0.8,additive,True,355.46357187599614,0.0994468268159475,285.21816446166565,20
0.1,1.0,1.0,0.8,additive,True,359.0051174269145,0.10029861711898722,287.6204478109159,20
0.1,1.0,0.1,0.8,additive,True,359.0051174269145,0.10029861711898722,287.6204478109159,20
0.1,1.0,10.0,0.8,additive,True,359.0051174269145,0.10029861711898722,287.6204478109159,20
0.1,1.0,5.0,0.8,additive,True,359.0051174269145,0.10029861711898722,287.6204478109159,20
0.1,1.0,0.01,0.8,additive,True,359.0051174269145,0.10029861711898722,287.6204478109159,20
0.5,10.0,5.0,0.8,additive,True,364.67341780206175,0.10143918772269826,287.7358182322256,20
0.5,10.0,10.0,0.8,additive,True,364.67341780206175,0.10143918772269826,287.7358182322256,20
0.5,10.0,1.0,0.8,additive,True,364.67341780206175,0.10143918772269826,287.7358182322256,20
0.5,10.0,0.1,0.8,additive,True,364.67341780206175,0.10143918772269826,287.7358182322256,20
0.5,10.0,0.01,0.8,additive,True,364.67341780206175,0.10143918772269826,287.7358182322256,20
0.1,5.0,0.1,0.8,additive,True,365.6670807510478,0.10244415512516343,294.18216940912794,20
0.1,5.0,0.01,0.8,additive,True,365.6670807510478,0.10244415512516343,294.18216940912794,20
0.1,5.0,1.0,0.8,additive,True,365.6670807510478,0.10244415512516343,294.18216940912794,20
0.1,5.0,5.0,0.8,additive,True,365.6670807510478,0.10244415512516343,294.18216940912794,20
0.1,5.0,10.0,0.8,additive,True,365.6670807510478,0.10244415512516343,294.18216940912794,20
0.1,10.0,10.0,0.8,additive,True,367.29978361770736,0.10324967797435429,296.6246756395021,20
0.1,10.0,1.0,0.8,additive,True,367.29978361770736,0.10324967797435429,296.6246756395021,20
0.1,10.0,0.01,0.8,additive,True,367.29978361770736,0.10324967797435429,296.6246756395021,20
0.1,10.0,0.1,0.8,additive,True,367.29978361770736,0.10324967797435429,296.6246756395021,20
0.1,10.0,5.0,0.8,additive,True,367.29978361770736,0.10324967797435429,296.6246756395021,20
0.1,0.1,0.1,0.95,additive,True,378.0740483176483,0.10353357744321624,291.8496027931813,20
0.1,0.1,0.01,0.95,additive,True,378.0740483176483,0.10353357744321624,291.8496027931813,20
0.1,0.1,1.0,0.95,additive,True,378.0740483176483,0.10353357744321624,291.8496027931813,20
0.1,0.1,10.0,0.95,additive,True,378.0740483176483,0.10353357744321624,291.8496027931813,20
0.1,0.1,5.0,0.95,additive,True,378.0740483176483,0.10353357744321624,291.8496027931813,20
0.1,10.0,0.01,0.9,additive,True,376.8438060314337,0.10411502286982746,294.0411994863726,20
0.1,10.0,5.0,0.9,additive,True,376.8438060314337,0.10411502286982746,294.0411994863726,20
0.1,10.0,10.0,0.9,additive,True,376.8438060314337,0.10411502286982746,294.0411994863726,20
0.1,10.0,1.0,0.9,additive,True,376.8438060314337,0.10411502286982746,294.0411994863726,20
0.1,10.0,0.1,0.9,additive,True,376.8438060314337,0.10411502286982746,294.0411994863726,20
0.1,5.0,1.0,0.95,additive,True,377.3545164572592,0.10460554494244025,294.8081459109616,20
0.1,5.0,10.0,0.95,additive,True,377.3545164572592,0.10460554494244025,294.8081459109616,20
0.1,5.0,5.0,0.95,additive,True,377.3545164572592,0.10460554494244025,294.8081459109616,20
0.1,5.0,0.01,0.95,additive,True,377.3545164572592,0.10460554494244025,294.8081459109616,20
0.1,5.0,0.1,0.95,additive,True,377.3545164572592,0.10460554494244025,294.8081459109616,20
0.1,5.0,0.1,0.9,additive,True,378.2724225485662,0.10509390260917315,296.44628960158286,20
0.1,5.0,1.0,0.9,additive,True,378.2724225485662,0.10509390260917315,296.44628960158286,20
0.1,5.0,5.0,0.9,additive,True,378.2724225485662,0.10509390260917315,296.44628960158286,20
0.1,5.0,10.0,0.9,additive,True,378.2724225485662,0.10509390260917315,296.44628960158286,20
0.1,5.0,0.01,0.9,additive,True,378.2724225485662,0.10509390260917315,296.44628960158286,20
0.1,1.0,0.1,0.9,additive,True,378.8660234883392,0.10523439701570968,297.1669579880108,20
0.1,1.0,1.0,0.9,additive,True,378.8660234883392,0.10523439701570968,297.1669579880108,20
0.1,1.0,5.0,0.9,additive,True,378.8660234883392,0.10523439701570968,297.1669579880108,20
0.1,1.0,10.0,0.9,additive,True,378.8660234883392,0.10523439701570968,297.1669579880108,20
0.1,1.0,0.01,0.9,additive,True,378.8660234883392,0.10523439701570968,297.1669579880108,20
0.1,10.0,1.0,0.95,additive,True,380.528205371891,0.10538963427669068,297.1515834663975,20
0.1,10.0,10.0,0.95,additive,True,380.528205371891,0.10538963427669068,297.1515834663975,20
0.1,10.0,5.0,0.95,additive,True,380.528205371891,0.10538963427669068,297.1515834663975,20
0.1,10.0,0.01,0.95,additive,True,380.528205371891,0.10538963427669068,297.1515834663975,20
0.1,10.0,0.1,0.95,additive,True,380.528205371891,0.10538963427669068,297.1515834663975,20
0.1,1.0,0.01,0.95,additive,True,381.27443924836837,0.10633563881306614,299.50185019648336,20
0.1,1.0,1.0,0.95,additive,True,381.27443924836837,0.10633563881306614,299.50185019648336,20
0.1,1.0,0.1,0.95,additive,True,381.27443924836837,0.10633563881306614,299.50185019648336,20
0.1,1.0,5.0,0.95,additive,True,381.27443924836837,0.10633563881306614,299.50185019648336,20
0.1,1.0,10.0,0.95,additive,True,381.27443924836837,0.10633563881306614,299.50185019648336,20
0.05,5.0,1.0,0.8,additive,True,375.42759349963256,0.10690494164807217,309.1448049118459,20
0.05,5.0,10.0,0.8,additive,True,375.42759349963256,0.10690494164807217,309.1448049118459,20
0.05,5.0,0.1,0.8,additive,True,375.42759349963256,0.10690494164807217,309.1448049118459,20
0.05,5.0,0.01,0.8,additive,True,375.42759349963256,0.10690494164807217,309.1448049118459,20
0.05,5.0,5.0,0.8,additive,True,375.42759349963256,0.10690494164807217,309.1448049118459,20
0.05,0.01,10.0,0.9,additive,True,376.47362134240296,0.10690960317837056,308.86363827126627,20
0.05,0.01,5.0,0.9,additive,True,376.47362134240296,0.10690960317837056,308.86363827126627,20
0.05,0.01,1.0,0.9,additive,True,376.47362134240296,0.10690960317837056,308.86363827126627,20
0.05,0.01,0.1,0.9,additive,True,376.47362134240296,0.10690960317837056,308.86363827126627,20
0.05,0.01,0.01,0.9,additive,True,376.47362134240296,0.10690960317837056,308.86363827126627,20
0.5,5.0,0.01,0.8,additive,True,392.47398820385934,0.10708197817903531,304.2254077890639,20
0.5,5.0,5.0,0.8,additive,True,392.47398820385934,0.10708197817903531,304.2254077890639,20
0.5,5.0,10.0,0.8,additive,True,392.47398820385934,0.10708197817903531,304.2254077890639,20
0.5,5.0,1.0,0.8,additive,True,392.47398820385934,0.10708197817903531,304.2254077890639,20
0.5,5.0,0.1,0.8,additive,True,392.47398820385934,0.10708197817903531,304.2254077890639,20
0.05,0.1,1.0,0.8,additive,True,374.7772294165268,0.10725694188177877,310.705366428029,20
0.05,0.1,0.1,0.8,additive,True,374.7772294165268,0.10725694188177877,310.705366428029,20
0.05,0.1,5.0,0.8,additive,True,374.7772294165268,0.10725694188177877,310.705366428029,20
0.05,0.1,0.01,0.8,additive,True,374.7772294165268,0.10725694188177877,310.705366428029,20
0.05,0.1,10.0,0.8,additive,True,374.7772294165268,0.10725694188177877,310.705366428029,20
0.1,0.1,1.0,0.9,additive,True,384.46024601749815,0.10739861453643408,302.7493327237738,20
0.1,0.1,5.0,0.9,additive,True,384.46024601749815,0.10739861453643408,302.7493327237738,20
0.1,0.1,0.01,0.9,additive,True,384.46024601749815,0.10739861453643408,302.7493327237738,20
0.1,0.1,0.1,0.9,additive,True,384.46024601749815,0.10739861453643408,302.7493327237738,20
0.1,0.1,10.0,0.9,additive,True,384.46024601749815,0.10739861453643408,302.7493327237738,20
0.05,0.01,5.0,0.95,additive,True,375.7764870475991,0.10788247664873281,311.8655550834048,20
0.05,0.01,10.0,0.95,additive,True,375.7764870475991,0.10788247664873281,311.8655550834048,20
0.05,0.01,0.01,0.95,additive,True,375.7764870475991,0.10788247664873281,311.8655550834048,20
0.05,0.01,0.1,0.95,additive,True,375.7764870475991,0.10788247664873281,311.8655550834048,20
0.05,0.01,1.0,0.95,additive,True,375.7764870475991,0.10788247664873281,311.8655550834048,20
0.05,0.1,10.0,0.85,additive,True,384.80053924027203,0.10823204617725793,313.2783130902592,20
0.05,0.1,0.01,0.85,additive,True,384.80053924027203,0.10823204617725793,313.2783130902592,20
0.05,0.1,0.1,0.85,additive,True,384.80053924027203,0.10823204617725793,313.2783130902592,20
0.05,0.1,5.0,0.85,additive,True,384.80053924027203,0.10823204617725793,313.2783130902592,20
0.05,0.1,1.0,0.85,additive,True,384.80053924027203,0.10823204617725793,313.2783130902592,20
0.05,1.0,1.0,0.8,additive,True,378.9444867652636,0.10847082071205774,314.07209009426344,20
0.05,1.0,10.0,0.8,additive,True,378.9444867652636,0.10847082071205774,314.07209009426344,20
0.05,1.0,5.0,0.8,additive,True,378.9444867652636,0.10847082071205774,314.07209009426344,20
0.05,1.0,0.1,0.8,additive,True,378.9444867652636,0.10847082071205774,314.07209009426344,20
0.05,1.0,0.01,0.8,additive,True,378.9444867652636,0.10847082071205774,314.07209009426344,20
0.05,0.01,0.01,0.85,additive,True,380.6299244481118,0.10883389933786641,313.8322062332284,20
0.05,0.01,1.0,0.85,additive,True,380.6299244481118,0.10883389933786641,313.8322062332284,20
0.05,0.01,5.0,0.85,additive,True,380.6299244481118,0.10883389933786641,313.8322062332284,20
0.05,0.01,10.0,0.85,additive,True,380.6299244481118,0.10883389933786641,313.8322062332284,20
0.05,0.01,0.1,0.85,additive,True,380.6299244481118,0.10883389933786641,313.8322062332284,20
0.5,10.0,0.1,0.85,additive,True,406.5680213520412,0.10892160023203853,303.6819675925798,20
0.5,10.0,5.0,0.85,additive,True,406.5680213520412,0.10892160023203853,303.6819675925798,20
0.5,10.0,0.01,0.85,additive,True,406.5680213520412,0.10892160023203853,303.6819675925798,20
0.5,10.0,10.0,0.85,additive,True,406.5680213520412,0.10892160023203853,303.6819675925798,20
0.5,10.0,1.0,0.85,additive,True,406.5680213520412,0.10892160023203853,303.6819675925798,20
0.05,0.01,0.1,0.8,additive,True,375.04429833064626,0.10938002671611737,316.8844377270415,20
0.05,0.01,0.01,0.8,additive,True,375.04429833064626,0.10938002671611737,316.8844377270415,20
0.05,0.01,5.0,0.8,additive,True,375.04429833064626,0.10938002671611737,316.8844377270415,20
0.05,0.01,1.0,0.8,additive,True,375.04429833064626,0.10938002671611737,316.8844377270415,20
0.05,0.01,10.0,0.8,additive,True,375.04429833064626,0.10938002671611737,316.8844377270415,20
0.05,0.1,0.01,0.9,additive,True,387.8402110942968,0.10991071890182318,318.533080647662,20
0.05,0.1,10.0,0.9,additive,True,387.8402110942968,0.10991071890182318,318.533080647662,20
0.05,0.1,5.0,0.9,additive,True,387.8402110942968,0.10991071890182318,318.533080647662,20
0.05,0.1,1.0,0.9,additive,True,387.8402110942968,0.10991071890182318,318.533080647662,20
0.05,0.1,0.1,0.9,additive,True,387.8402110942968,0.10991071890182318,318.533080647662,20
0.05,10.0,5.0,0.8,additive,True,382.13129166840866,0.11043090756204664,319.00079805851163,20
0.05,10.0,1.0,0.8,additive,True,382.13129166840866,0.11043090756204664,319.00079805851163,20
0.05,10.0,0.01,0.8,additive,True,382.13129166840866,0.11043090756204664,319.00079805851163,20
0.05,10.0,0.1,0.8,additive,True,382.13129166840866,0.11043090756204664,319.00079805851163,20
0.05,10.0,10.0,0.8,additive,True,382.13129166840866,0.11043090756204664,319.00079805851163,20
0.05,1.0,10.0,0.9,additive,True,389.79927711108877,0.11045172396395392,319.55969133715837,20
0.05,1.0,1.0,0.9,additive,True,389.79927711108877,0.11045172396395392,319.55969133715837,20
0.05,1.0,0.1,0.9,additive,True,389.79927711108877,0.11045172396395392,319.55969133715837,20
0.05,1.0,5.0,0.9,additive,True,389.79927711108877,0.11045172396395392,319.55969133715837,20
0.05,1.0,0.01,0.9,additive,True,389.79927711108877,0.11045172396395392,319.55969133715837,20
0.05,1.0,5.0,0.95,additive,True,390.5415891956609,0.11054927498734872,319.4503988458839,20
0.05,1.0,10.0,0.95,additive,True,390.5415891956609,0.11054927498734872,319.4503988458839,20
0.05,1.0,1.0,0.95,additive,True,390.5415891956609,0.11054927498734872,319.4503988458839,20
0.05,1.0,0.1,0.95,additive,True,390.5415891956609,0.11054927498734872,319.4503988458839,20
0.05,1.0,0.01,0.95,additive,True,390.5415891956609,0.11054927498734872,319.4503988458839,20
0.05,5.0,0.1,0.95,additive,True,388.4950183893788,0.11062448456212332,320.0502823837065,20
0.05,5.0,10.0,0.95,additive,True,388.4950183893788,0.11062448456212332,320.0502823837065,20
0.05,5.0,5.0,0.95,additive,True,388.4950183893788,0.11062448456212332,320.0502823837065,20
0.05,5.0,0.01,0.95,additive,True,388.4950183893788,0.11062448456212332,320.0502823837065,20
0.05,5.0,1.0,0.95,additive,True,388.4950183893788,0.11062448456212332,320.0502823837065,20
0.05,1.0,0.01,0.85,additive,True,391.8409985987572,0.11115055931589132,321.2822622686651,20
0.05,1.0,5.0,0.85,additive,True,391.8409985987572,0.11115055931589132,321.2822622686651,20
0.05,1.0,0.1,0.85,additive,True,391.8409985987572,0.11115055931589132,321.2822622686651,20
0.05,1.0,10.0,0.85,additive,True,391.8409985987572,0.11115055931589132,321.2822622686651,20
0.05,1.0,1.0,0.85,additive,True,391.8409985987572,0.11115055931589132,321.2822622686651,20
0.05,5.0,0.1,0.9,additive,True,391.59665914147655,0.11116837105169167,321.7250555719443,20
0.05,5.0,10.0,0.9,additive,True,391.59665914147655,0.11116837105169167,321.7250555719443,20
0.05,5.0,1.0,0.9,additive,True,391.59665914147655,0.11116837105169167,321.7250555719443,20
0.05,5.0,0.01,0.9,additive,True,391.59665914147655,0.11116837105169167,321.7250555719443,20
0.05,5.0,5.0,0.9,additive,True,391.59665914147655,0.11116837105169167,321.7250555719443,20
0.05,5.0,1.0,0.85,additive,True,390.4829714971058,0.11133735546551435,322.1993430903463,20
0.05,5.0,10.0,0.85,additive,True,390.4829714971058,0.11133735546551435,322.1993430903463,20
0.05,5.0,5.0,0.85,additive,True,390.4829714971058,0.11133735546551435,322.1993430903463,20
0.05,5.0,0.01,0.85,additive,True,390.4829714971058,0.11133735546551435,322.1993430903463,20
0.05,5.0,0.1,0.85,additive,True,390.4829714971058,0.11133735546551435,322.1993430903463,20
0.5,0.1,0.1,0.95,additive,True,457.9262061861336,0.11166004082358055,313.8779882105722,20
0.5,0.1,0.01,0.95,additive,True,457.9262061861336,0.11166004082358055,313.8779882105722,20
0.5,0.1,10.0,0.95,additive,True,457.9262061861336,0.11166004082358055,313.8779882105722,20
0.5,0.1,1.0,0.95,additive,True,457.9262061861336,0.11166004082358055,313.8779882105722,20
0.5,0.1,5.0,0.95,additive,True,457.9262061861336,0.11166004082358055,313.8779882105722,20
0.05,0.1,0.01,0.95,additive,True,394.04298989115415,0.11201433801681639,323.9436264933963,20
0.05,0.1,5.0,0.95,additive,True,394.04298989115415,0.11201433801681639,323.9436264933963,20
0.05,0.1,0.1,0.95,additive,True,394.04298989115415,0.11201433801681639,323.9436264933963,20
0.05,0.1,10.0,0.95,additive,True,394.04298989115415,0.11201433801681639,323.9436264933963,20
0.05,0.1,1.0,0.95,additive,True,394.04298989115415,0.11201433801681639,323.9436264933963,20
0.05,10.0,1.0,0.9,additive,True,391.9528783002536,0.11235438900573876,324.2374498218191,20
0.05,10.0,10.0,0.9,additive,True,391.9528783002536,0.11235438900573876,324.2374498218191,20
0.05,10.0,5.0,0.9,additive,True,391.9528783002536,0.11235438900573876,324.2374498218191,20
0.05,10.0,0.1,0.9,additive,True,391.9528783002536,0.11235438900573876,324.2374498218191,20
0.05,10.0,0.01,0.9,additive,True,391.9528783002536,0.11235438900573876,324.2374498218191,20
0.05,10.0,10.0,0.95,additive,True,393.65639148641117,0.11254757088522613,325.16404342013334,20
0.05,10.0,5.0,0.95,additive,True,393.65639148641117,0.11254757088522613,325.16404342013334,20
0.05,10.0,0.1,0.95,additive,True,393.65639148641117,0.11254757088522613,325.16404342013334,20
0.05,10.0,0.01,0.95,additive,True,393.65639148641117,0.11254757088522613,325.16404342013334,20
0.05,10.0,1.0,0.95,additive,True,393.65639148641117,0.11254757088522613,325.16404342013334,20
0.05,10.0,0.1,0.85,additive,True,393.7111377191449,0.11288925305168536,325.74622715744187,20
0.05,10.0,5.0,0.85,additive,True,393.7111377191449,0.11288925305168536,325.74622715744187,20
0.05,10.0,10.0,0.85,additive,True,393.7111377191449,0.11288925305168536,325.74622715744187,20
0.05,10.0,0.01,0.85,additive,True,393.7111377191449,0.11288925305168536,325.74622715744187,20
0.05,10.0,1.0,0.85,additive,True,393.7111377191449,0.11288925305168536,325.74622715744187,20
0.5,0.1,1.0,0.9,additive,True,433.41880290918033,0.11417746146638584,316.40129190944043,20
0.5,0.1,10.0,0.9,additive,True,433.41880290918033,0.11417746146638584,316.40129190944043,20
0.5,0.1,5.0,0.9,additive,True,433.41880290918033,0.11417746146638584,316.40129190944043,20
0.5,0.1,0.1,0.9,additive,True,433.41880290918033,0.11417746146638584,316.40129190944043,20
0.5,0.1,0.01,0.9,additive,True,433.41880290918033,0.11417746146638584,316.40129190944043,20
0.5,5.0,0.1,0.95,additive,True,479.5458905962449,0.11721431958984645,328.55614518322665,20
0.5,5.0,10.0,0.95,additive,True,479.5458905962449,0.11721431958984645,328.55614518322665,20
0.5,5.0,1.0,0.95,additive,True,479.5458905962449,0.11721431958984645,328.55614518322665,20
0.5,5.0,5.0,0.95,additive,True,479.5458905962449,0.11721431958984645,328.55614518322665,20
0.5,5.0,0.01,0.95,additive,True,479.5458905962449,0.11721431958984645,328.55614518322665,20
0.5,0.1,1.0,0.8,additive,True,436.7059635652375,0.11802779882783548,333.5032740756978,20
0.5,0.1,5.0,0.8,additive,True,436.7059635652375,0.11802779882783548,333.5032740756978,20
0.5,0.1,0.1,0.8,additive,True,436.7059635652375,0.11802779882783548,333.5032740756978,20
0.5,0.1,0.01,0.8,additive,True,436.7059635652375,0.11802779882783548,333.5032740756978,20
0.5,0.1,10.0,0.8,additive,True,436.7059635652375,0.11802779882783548,333.5032740756978,20
0.5,5.0,0.01,0.85,additive,True,474.7854006058773,0.11983935772017022,334.09288229467876,20
0.5,5.0,0.1,0.85,additive,True,474.7854006058773,0.11983935772017022,334.09288229467876,20
0.5,5.0,10.0,0.85,additive,True,474.7854006058773,0.11983935772017022,334.09288229467876,20
0.5,5.0,5.0,0.85,additive,True,474.7854006058773,0.11983935772017022,334.09288229467876,20
0.5,5.0,1.0,0.85,additive,True,474.7854006058773,0.11983935772017022,334.09288229467876,20
0.5,10.0,10.0,0.95,additive,True,536.5109110483094,0.12595890780603863,351.0153284414833,20
0.5,10.0,1.0,0.95,additive,True,536.5109110483094,0.12595890780603863,351.0153284414833,20
0.5,10.0,0.01,0.95,additive,True,536.5109110483094,0.12595890780603863,351.0153284414833,20
0.5,10.0,0.1,0.95,additive,True,536.5109110483094,0.12595890780603863,351.0153284414833,20
0.5,10.0,5.0,0.95,additive,True,536.5109110483094,0.12595890780603863,351.0153284414833,20
0.5,1.0,5.0,0.85,additive,True,512.1553473029114,0.14101007673589674,389.49008217680597,20
0.5,1.0,0.1,0.85,additive,True,512.1553473029114,0.14101007673589674,389.49008217680597,20
0.5,1.0,1.0,0.85,additive,True,512.1553473029114,0.14101007673589674,389.49008217680597,20
0.5,1.0,0.01,0.85,additive,True,512.1553473029114,0.14101007673589674,389.49008217680597,20
0.5,1.0,10.0,0.85,additive,True,512.1553473029114,0.14101007673589674,389.49008217680597,20
0.5,10.0,1.0,0.9,additive,True,616.7889751419642,0.14225994481087395,389.4727489873887,20
0.5,10.0,5.0,0.9,additive,True,616.7889751419642,0.14225994481087395,389.4727489873887,20
0.5,10.0,0.1,0.9,additive,True,616.7889751419642,0.14225994481087395,389.4727489873887,20
0.5,10.0,10.0,0.9,additive,True,616.7889751419642,0.14225994481087395,389.4727489873887,20
0.5,10.0,0.01,0.9,additive,True,616.7889751419642,0.14225994481087395,389.4727489873887,20
0.5,1.0,0.1,0.95,additive,True,597.7135509762322,0.1472837144466616,413.82512950735935,20
0.5,1.0,1.0,0.95,additive,True,597.7135509762322,0.1472837144466616,413.82512950735935,20
0.5,1.0,10.0,0.95,additive,True,597.7135509762322,0.1472837144466616,413.82512950735935,20
0.5,1.0,0.01,0.95,additive,True,597.7135509762322,0.1472837144466616,413.82512950735935,20
0.5,1.0,5.0,0.95,additive,True,597.7135509762322,0.1472837144466616,413.82512950735935,20
0.5,1.0,5.0,0.9,additive,True,712.6700446819767,0.1616703433555791,442.2660703914657,20
0.5,1.0,0.1,0.9,additive,True,712.6700446819767,0.1616703433555791,442.2660703914657,20
0.5,1.0,10.0,0.9,additive,True,712.6700446819767,0.1616703433555791,442.2660703914657,20
0.5,1.0,0.01,0.9,additive,True,712.6700446819767,0.1616703433555791,442.2660703914657,20
0.5,1.0,1.0,0.9,additive,True,712.6700446819767,0.1616703433555791,442.2660703914657,20
0.5,5.0,1.0,0.9,additive,True,688.8382019368738,0.16438349976903777,449.70865571901635,20
0.5,5.0,10.0,0.9,additive,True,688.8382019368738,0.16438349976903777,449.70865571901635,20
0.5,5.0,5.0,0.9,additive,True,688.8382019368738,0.16438349976903777,449.70865571901635,20
0.5,5.0,0.1,0.9,additive,True,688.8382019368738,0.16438349976903777,449.70865571901635,20
0.5,5.0,0.01,0.9,additive,True,688.8382019368738,0.16438349976903777,449.70865571901635,20
